run_id,instance_id,solver_mode,solver_version,seed,config_id,repetition,stock_length,kerf,number_of_piece_types,total_demand,requested_length,length_distribution,demand_distribution,run_status,master_status,pricing_status,integer_master_status,termination_reason,schema_version,size_class,objective_value,number_of_stock_bars,lp_objective_value,restricted_integer_gap,total_waste,trim_loss,kerf_loss,overproduction_length,plan_feasible,number_of_cg_iterations,number_of_generated_columns,number_of_columns_added,initial_column_count,final_column_count,duplicate_column_count,final_reduced_cost,total_runtime_seconds,master_problem_runtime,pricing_runtime,integer_master_runtime,column_management_runtime,verification_runtime,unattributed_runtime,peak_memory_bytes,exact_pricing_calls,error_message,model_id,neural_inference_runtime,feature_preparation_runtime,number_of_candidates,number_of_selected_columns,exact_fallback_calls,speedup_vs_classical,objective_difference_vs_classical,code_commit,python_version,dependency_versions,hardware_id
0e1c126a584de380f56bd1fc6db504dfa681c3686a67fc1c679d2fa9d58415f0,35714b99e7af814094a2bd53d0a82a4c33fb1c3bcdedddf861740c744140d125,neural,paired-cg-v1,302,56133429d0aa1300c6fdb35f94c9057a4151766730cf3745d9a37f011e411b15,1,100.0,0.0,6,35,2303.0,uniform_integer_v1,uniform_integer_v1,optimal_lp_restricted_ip,optimal,optimal,optimal,no_improving_column,benchmark-run-v1,LARGE,30.0,30,29.5,0.5,697.0,663.0,0.0,34.0,True,2,2,1,6,7,1,0.0,0.11772004200611264,0.015078959026141092,0.039148124982602894,0.04059491600492038,0.021042873995611444,0.0017789999837987125,7.616801303811371e-05,19519,1,,linear-scorer-v1-zero-weight,0.0011645420163404197,0.01937654201174155,2,2,1,,,497b873e0359785f925ac26baa074f60f19ed266,3.11.15,"numpy==2.4.6,scipy==1.17.1","platform=macOS-26.4.1-arm64-arm-64bit;machine=arm64;processor=arm;cpu_count=10;threads=OMP_NUM_THREADS=unset,OPENBLAS_NUM_THREADS=unset,MKL_NUM_THREADS=unset"
16e653508c8f6031c4e35d1830561567741fb8fd636b2bca1529b0621b0ce578,2e8d6ecbaa342a376ff4bf4c2261c4dc9641091f94c4aebbb8364b9e2584f6af,neural,paired-cg-v1,103,56133429d0aa1300c6fdb35f94c9057a4151766730cf3745d9a37f011e411b15,2,100.0,0.0,2,12,506.0,uniform_integer_v1,uniform_integer_v1,optimal_lp_restricted_ip,optimal,optimal,optimal,no_improving_column,benchmark-run-v1,MEDIUM,7.0,7,7.0,0.0,194.0,194.0,0.0,0.0,True,1,1,0,2,2,1,0.0,0.01931391700054519,0.007158458000048995,0.006323207984678447,0.004042750020744279,0.0011383760429453105,0.0005740830092690885,7.704194285906851e-05,16436,1,,linear-scorer-v1-zero-weight,0.0005210420058574528,0.0004985410196240991,1,1,1,,,497b873e0359785f925ac26baa074f60f19ed266,3.11.15,"numpy==2.4.6,scipy==1.17.1","platform=macOS-26.4.1-arm64-arm-64bit;machine=arm64;processor=arm;cpu_count=10;threads=OMP_NUM_THREADS=unset,OPENBLAS_NUM_THREADS=unset,MKL_NUM_THREADS=unset"
17b9eabfbb7e9fc2fdd691f5cf9e5f323d5e0efa1981b0600c23a2310cc94a9a,b09c9bbfd876bc77c5440191ebfb1a02f5aa41b774b446ae71d1f3ca862891e9,neural,paired-cg-v1,201,56133429d0aa1300c6fdb35f94c9057a4151766730cf3745d9a37f011e411b15,2,100.0,0.0,4,29,1000.0,uniform_integer_v1,uniform_integer_v1,optimal_lp_restricted_ip,optimal,optimal,optimal,no_improving_column,benchmark-run-v1,LARGE,14.0,14,14.0,0.0,400.0,74.0,0.0,326.0,True,3,3,2,4,6,1,0.0,0.10713341701193713,0.02367824997054413,0.007541583996498957,0.005222417006734759,0.06921787495957687,0.001348249992588535,0.0001250410859938711,18746,1,,linear-scorer-v1-zero-weight,0.0017487090080976486,0.06680595900979824,3,3,1,,,497b873e0359785f925ac26baa074f60f19ed266,3.11.15,"numpy==2.4.6,scipy==1.17.1","platform=macOS-26.4.1-arm64-arm-64bit;machine=arm64;processor=arm;cpu_count=10;threads=OMP_NUM_THREADS=unset,OPENBLAS_NUM_THREADS=unset,MKL_NUM_THREADS=unset"
20c7605c50dd92b294bb3e5cdb757d967f00423d445a7c88b03fa7dfe2c4a212,2db8f04b0672b4e39578ab96c31e1989f5e93a806b484a143f83761c7a1f4c50,neural,paired-cg-v1,301,56133429d0aa1300c6fdb35f94c9057a4151766730cf3745d9a37f011e411b15,2,100.0,0.0,6,28,1745.0,uniform_integer_v1,uniform_integer_v1,optimal_lp_restricted_ip,optimal,optimal,optimal,no_improving_column,benchmark-run-v1,LARGE,23.0,23,23.0,0.0,555.0,555.0,0.0,0.0,True,1,1,0,6,6,1,0.0,0.06868412499898113,0.00824333299533464,0.03738791699288413,0.0063241670140996575,0.015188374003628269,0.0014653340040240437,7.499998901039362e-05,17865,1,,linear-scorer-v1-zero-weight,0.0003510829992592335,0.014650208002422005,1,1,1,,,497b873e0359785f925ac26baa074f60f19ed266,3.11.15,"numpy==2.4.6,scipy==1.17.1","platform=macOS-26.4.1-arm64-arm-64bit;machine=arm64;processor=arm;cpu_count=10;threads=OMP_NUM_THREADS=unset,OPENBLAS_NUM_THREADS=unset,MKL_NUM_THREADS=unset"
20ca678b176f42f864f9272d95f0b90c31e6946120c17e1cf969c9b9c7ada710,d71a500910a2039d84f38704af75d2036160060c50841a11b3d98be280d6f7fd,neural,paired-cg-v1,303,56133429d0aa1300c6fdb35f94c9057a4151766730cf3745d9a37f011e411b15,2,100.0,0.0,6,44,1719.0,uniform_integer_v1,uniform_integer_v1,optimal_lp_restricted_ip,optimal,optimal,optimal,no_improving_column,benchmark-run-v1,XL,20.0,20,19.0,1.0,281.0,184.0,0.0,97.0,True,5,5,4,6,10,1,0.0,1.0584390409931075,0.048564084980171174,0.031768082990311086,0.03230616598739289,0.9431847510277294,0.0023948749876581132,0.00022108101984485984,22804,1,,linear-scorer-v1-zero-weight,0.0034503760398365557,0.9383050400356296,5,5,1,,,497b873e0359785f925ac26baa074f60f19ed266,3.11.15,"numpy==2.4.6,scipy==1.17.1","platform=macOS-26.4.1-arm64-arm-64bit;machine=arm64;processor=arm;cpu_count=10;threads=OMP_NUM_THREADS=unset,OPENBLAS_NUM_THREADS=unset,MKL_NUM_THREADS=unset"
2bdbd5e459c1114ae25211f6ac73790a7c428f4da842e211c992aff76e186eae,b09c9bbfd876bc77c5440191ebfb1a02f5aa41b774b446ae71d1f3ca862891e9,neural,paired-cg-v1,201,56133429d0aa1300c6fdb35f94c9057a4151766730cf3745d9a37f011e411b15,0,100.0,0.0,4,29,1000.0,uniform_integer_v1,uniform_integer_v1,optimal_lp_restricted_ip,optimal,optimal,optimal,no_improving_column,benchmark-run-v1,LARGE,14.0,14,14.0,0.0,400.0,74.0,0.0,326.0,True,3,3,2,4,6,1,0.0,0.10706804200890474,0.023614706995431334,0.007557041011750698,0.005674500018358231,0.06861629299237393,0.001477207988500595,0.00012829300248995423,18616,1,,linear-scorer-v1-zero-weight,0.001700793014606461,0.0662540000048466,3,3,1,,,497b873e0359785f925ac26baa074f60f19ed266,3.11.15,"numpy==2.4.6,scipy==1.17.1","platform=macOS-26.4.1-arm64-arm-64bit;machine=arm64;processor=arm;cpu_count=10;threads=OMP_NUM_THREADS=unset,OPENBLAS_NUM_THREADS=unset,MKL_NUM_THREADS=unset"
2de6366eb29cd9f55f469f381d9ffb2524e2c9325e237dcef2e8213f4c9797aa,5d7cde942f6f9a9811561fb1c16bb97f0f197f7fd567dcb7f41c33103c0406a0,neural,paired-cg-v1,401,56133429d0aa1300c6fdb35f94c9057a4151766730cf3745d9a37f011e411b15,1,100.0,0.0,8,30,1717.0,uniform_integer_v1,uniform_integer_v1,optimal_lp_restricted_ip,optimal,optimal,optimal,no_improving_column,benchmark-run-v1,XL,23.0,23,22.5,0.5,583.0,472.0,0.0,111.0,True,3,3,2,8,10,1,0.0,0.6602875420066994,0.027521582989720628,0.03499270899919793,0.0074825830233749,0.5875346259854268,0.002657625009305775,9.841599967330694e-05,20865,1,,linear-scorer-v1-zero-weight,0.0015417090035043657,0.5853044999821577,3,3,1,,,497b873e0359785f925ac26baa074f60f19ed266,3.11.15,"numpy==2.4.6,scipy==1.17.1","platform=macOS-26.4.1-arm64-arm-64bit;machine=arm64;processor=arm;cpu_count=10;threads=OMP_NUM_THREADS=unset,OPENBLAS_NUM_THREADS=unset,MKL_NUM_THREADS=unset"
2f45720919d90b63e05f86ef151e23c43777925122a6aaa840f45ac338175a68,e89f36850422c2316a18c0e5c220f81c1d6ab1fbeb7c500622d6d755ac5409b2,neural,paired-cg-v1,102,56133429d0aa1300c6fdb35f94c9057a4151766730cf3745d9a37f011e411b15,0,100.0,0.0,2,9,432.0,uniform_integer_v1,uniform_integer_v1,optimal_lp_restricted_ip,optimal,optimal,optimal,no_improving_column,benchmark-run-v1,MEDIUM,5.0,5,5.0,0.0,68.0,68.0,0.0,0.0,True,1,1,0,2,2,1,0.0,0.019568167015677318,0.007276167016243562,0.006394083990016952,0.00415970798349008,0.0011666680220514536,0.0005227499932516366,4.879001062363386e-05,14728,1,,linear-scorer-v1-zero-weight,0.00047987501602619886,0.0005642090109176934,1,1,1,,,497b873e0359785f925ac26baa074f60f19ed266,3.11.15,"numpy==2.4.6,scipy==1.17.1","platform=macOS-26.4.1-arm64-arm-64bit;machine=arm64;processor=arm;cpu_count=10;threads=OMP_NUM_THREADS=unset,OPENBLAS_NUM_THREADS=unset,MKL_NUM_THREADS=unset"
303715b182b55ef5a7ef6ce267dbf4da2bc7ab6630d18655e65038c9bf4eb41f,2e8d6ecbaa342a376ff4bf4c2261c4dc9641091f94c4aebbb8364b9e2584f6af,neural,paired-cg-v1,103,56133429d0aa1300c6fdb35f94c9057a4151766730cf3745d9a37f011e411b15,1,100.0,0.0,2,12,506.0,uniform_integer_v1,uniform_integer_v1,optimal_lp_restricted_ip,optimal,optimal,optimal,no_improving_column,benchmark-run-v1,MEDIUM,7.0,7,7.0,0.0,194.0,194.0,0.0,0.0,True,1,1,0,2,2,1,0.0,0.017256249993806705,0.006923584005562589,0.0049820420099422336,0.004031417018268257,0.0007484990055672824,0.0005174170073587447,5.3290947107598186e-05,16381,1,,linear-scorer-v1-zero-weight,0.00032491699676029384,0.00032441699295304716,1,1,1,,,497b873e0359785f925ac26baa074f60f19ed266,3.11.15,"numpy==2.4.6,scipy==1.17.1","platform=macOS-26.4.1-arm64-arm-64bit;machine=arm64;processor=arm;cpu_count=10;threads=OMP_NUM_THREADS=unset,OPENBLAS_NUM_THREADS=unset,MKL_NUM_THREADS=unset"
360a8b7c8cf5ae41ce1acc7be1405bdf3b1cd7c235e8f4f4e7f36d139ae8f916,b09c9bbfd876bc77c5440191ebfb1a02f5aa41b774b446ae71d1f3ca862891e9,neural,paired-cg-v1,201,56133429d0aa1300c6fdb35f94c9057a4151766730cf3745d9a37f011e411b15,1,100.0,0.0,4,29,1000.0,uniform_integer_v1,uniform_integer_v1,optimal_lp_restricted_ip,optimal,optimal,optimal,no_improving_column,benchmark-run-v1,LARGE,14.0,14,14.0,0.0,400.0,74.0,0.0,326.0,True,3,3,2,4,6,1,0.0,0.10283087499556132,0.0232292499858886,0.0054272089910227805,0.005478542007040232,0.06723045802209526,0.0013470829871948808,0.00011833300231955945,18753,1,,linear-scorer-v1-zero-weight,0.0014527920284308493,0.06511424999916926,3,3,1,,,497b873e0359785f925ac26baa074f60f19ed266,3.11.15,"numpy==2.4.6,scipy==1.17.1","platform=macOS-26.4.1-arm64-arm-64bit;machine=arm64;processor=arm;cpu_count=10;threads=OMP_NUM_THREADS=unset,OPENBLAS_NUM_THREADS=unset,MKL_NUM_THREADS=unset"
382bd57bcf5976323f406b44464eab8ea66c7c95620c0ad5064493ff17e79471,6a97075552eaa33fc90b205108ea38eed24df5e00e18099237a5924d12beab13,neural,paired-cg-v1,402,56133429d0aa1300c6fdb35f94c9057a4151766730cf3745d9a37f011e411b15,0,100.0,0.0,8,50,3038.0,uniform_integer_v1,uniform_integer_v1,optimal_lp_restricted_ip,optimal,optimal,optimal,no_improving_column,benchmark-run-v1,XL,39.0,39,39.0,0.0,862.0,796.0,0.0,66.0,True,2,2,1,8,9,1,0.0,0.3169070829753764,0.01709591699182056,0.03226658300263807,0.007455790997482836,0.25758787599625066,0.002421457989839837,7.945799734443426e-05,18396,1,,linear-scorer-v1-zero-weight,0.0013342920283321291,0.2557560840214137,2,2,1,,,497b873e0359785f925ac26baa074f60f19ed266,3.11.15,"numpy==2.4.6,scipy==1.17.1","platform=macOS-26.4.1-arm64-arm-64bit;machine=arm64;processor=arm;cpu_count=10;threads=OMP_NUM_THREADS=unset,OPENBLAS_NUM_THREADS=unset,MKL_NUM_THREADS=unset"
38a37dd377a4572fa7948e537480845d04dd486f87cc66a3885649c671e519fb,35714b99e7af814094a2bd53d0a82a4c33fb1c3bcdedddf861740c744140d125,neural,paired-cg-v1,302,56133429d0aa1300c6fdb35f94c9057a4151766730cf3745d9a37f011e411b15,2,100.0,0.0,6,35,2303.0,uniform_integer_v1,uniform_integer_v1,optimal_lp_restricted_ip,optimal,optimal,optimal,no_improving_column,benchmark-run-v1,LARGE,30.0,30,29.5,0.5,697.0,663.0,0.0,34.0,True,2,2,1,6,7,1,0.0,0.12524174997815862,0.017239959008293226,0.03698237499338575,0.047161499998765066,0.022003790974849835,0.0017696669965516776,8.445800631307065e-05,19263,1,,linear-scorer-v1-zero-weight,0.0011739569890778512,0.020330625004135072,2,2,1,,,497b873e0359785f925ac26baa074f60f19ed266,3.11.15,"numpy==2.4.6,scipy==1.17.1","platform=macOS-26.4.1-arm64-arm-64bit;machine=arm64;processor=arm;cpu_count=10;threads=OMP_NUM_THREADS=unset,OPENBLAS_NUM_THREADS=unset,MKL_NUM_THREADS=unset"
3e5e11bbc99922752e5f58b3ed8bb4cdabc7e6d1e200a1c122aa4d59dbb02a6b,6a97075552eaa33fc90b205108ea38eed24df5e00e18099237a5924d12beab13,neural,paired-cg-v1,402,56133429d0aa1300c6fdb35f94c9057a4151766730cf3745d9a37f011e411b15,2,100.0,0.0,8,50,3038.0,uniform_integer_v1,uniform_integer_v1,optimal_lp_restricted_ip,optimal,optimal,optimal,no_improving_column,benchmark-run-v1,XL,39.0,39,39.0,0.0,862.0,796.0,0.0,66.0,True,2,2,1,8,9,1,0.0,0.3182137080002576,0.018751334020635113,0.03507445799186826,0.0073665420059114695,0.25452166597824544,0.002413417008938268,8.62909946590662e-05,18644,1,,linear-scorer-v1-zero-weight,0.0013509579875972122,0.252609499002574,2,2,1,,,497b873e0359785f925ac26baa074f60f19ed266,3.11.15,"numpy==2.4.6,scipy==1.17.1","platform=macOS-26.4.1-arm64-arm-64bit;machine=arm64;processor=arm;cpu_count=10;threads=OMP_NUM_THREADS=unset,OPENBLAS_NUM_THREADS=unset,MKL_NUM_THREADS=unset"
4139d008d6e4f39359e653aa9549ca6aaf67a4a68f75b7969332cd75145d32fe,e89f36850422c2316a18c0e5c220f81c1d6ab1fbeb7c500622d6d755ac5409b2,neural,paired-cg-v1,102,56133429d0aa1300c6fdb35f94c9057a4151766730cf3745d9a37f011e411b15,1,100.0,0.0,2,9,432.0,uniform_integer_v1,uniform_integer_v1,optimal_lp_restricted_ip,optimal,optimal,optimal,no_improving_column,benchmark-run-v1,MEDIUM,5.0,5,5.0,0.0,68.0,68.0,0.0,0.0,True,1,1,0,2,2,1,0.0,0.018436582991853356,0.006379250000463799,0.006401042017387226,0.004008041985798627,0.00110904301982373,0.0004981670062988997,4.1038962081074715e-05,14891,1,,linear-scorer-v1-zero-weight,0.00044679100392386317,0.000548707990674302,1,1,1,,,497b873e0359785f925ac26baa074f60f19ed266,3.11.15,"numpy==2.4.6,scipy==1.17.1","platform=macOS-26.4.1-arm64-arm-64bit;machine=arm64;processor=arm;cpu_count=10;threads=OMP_NUM_THREADS=unset,OPENBLAS_NUM_THREADS=unset,MKL_NUM_THREADS=unset"
4341513b0b2b082a9401dd094c5522fc0ae35dc2ed0b4a94045d95cd3b63d4f6,35714b99e7af814094a2bd53d0a82a4c33fb1c3bcdedddf861740c744140d125,neural,paired-cg-v1,302,56133429d0aa1300c6fdb35f94c9057a4151766730cf3745d9a37f011e411b15,0,100.0,0.0,6,35,2303.0,uniform_integer_v1,uniform_integer_v1,optimal_lp_restricted_ip,optimal,optimal,optimal,no_improving_column,benchmark-run-v1,LARGE,30.0,30,29.5,0.5,697.0,663.0,0.0,34.0,True,2,2,1,6,7,1,0.0,0.12521458399714902,0.016488166962517425,0.04009850000147708,0.044725292013026774,0.021789999009342864,0.0019409999949857593,0.00017162601579912007,20465,1,,linear-scorer-v1-zero-weight,0.0012151669943705201,0.02003966600750573,2,2,1,,,497b873e0359785f925ac26baa074f60f19ed266,3.11.15,"numpy==2.4.6,scipy==1.17.1","platform=macOS-26.4.1-arm64-arm-64bit;machine=arm64;processor=arm;cpu_count=10;threads=OMP_NUM_THREADS=unset,OPENBLAS_NUM_THREADS=unset,MKL_NUM_THREADS=unset"
4fa88358218ea1e4d940e8462c55591e9cb91ee4e6c0a8caf7abdfcf7383b5cd,3eb804881591494848f167ba7b26a2b9267a3ba54e1727e6932ff3b14cd58e50,neural,paired-cg-v1,101,56133429d0aa1300c6fdb35f94c9057a4151766730cf3745d9a37f011e411b15,1,100.0,0.0,2,15,960.0,uniform_integer_v1,uniform_integer_v1,optimal_lp_restricted_ip,optimal,optimal,optimal,no_improving_column,benchmark-run-v1,MEDIUM,12.0,12,12.0,0.0,240.0,240.0,0.0,0.0,True,1,1,0,2,2,1,0.0,0.019876041013048962,0.007559707999462262,0.0064833750075194985,0.0041238330013584346,0.0011125830060336739,0.000546959025086835,4.958297358825803e-05,15516,1,,linear-scorer-v1-zero-weight,0.0004937090270686895,0.0004720830183941871,1,1,1,,,497b873e0359785f925ac26baa074f60f19ed266,3.11.15,"numpy==2.4.6,scipy==1.17.1","platform=macOS-26.4.1-arm64-arm-64bit;machine=arm64;processor=arm;cpu_count=10;threads=OMP_NUM_THREADS=unset,OPENBLAS_NUM_THREADS=unset,MKL_NUM_THREADS=unset"
5b6e1226e53ceb48c09b1d42ca4847a64fd1c798b2fea60bed601d6d493f751d,a0828ac52b3d58f01bfdadbd2eee43a27a4dc2fb83b298eb885be71d25ab31a2,neural,paired-cg-v1,203,56133429d0aa1300c6fdb35f94c9057a4151766730cf3745d9a37f011e411b15,1,100.0,0.0,4,20,1249.0,uniform_integer_v1,uniform_integer_v1,optimal_lp_restricted_ip,optimal,optimal,optimal,no_improving_column,benchmark-run-v1,LARGE,15.0,15,15.0,0.0,251.0,146.0,0.0,105.0,True,3,3,2,4,6,1,0.0,0.08073474999400787,0.022105499956524,0.0071642080147285014,0.03817587500088848,0.011796000006143004,0.0013966670085210353,9.650000720284879e-05,18654,1,,linear-scorer-v1-zero-weight,0.001514749019406736,0.009651581989601254,3,3,1,,,497b873e0359785f925ac26baa074f60f19ed266,3.11.15,"numpy==2.4.6,scipy==1.17.1","platform=macOS-26.4.1-arm64-arm-64bit;machine=arm64;processor=arm;cpu_count=10;threads=OMP_NUM_THREADS=unset,OPENBLAS_NUM_THREADS=unset,MKL_NUM_THREADS=unset"
5e3f122d148b07fe92c68eabde3934c7ab262c15db2ce7376661650850be61ad,2db8f04b0672b4e39578ab96c31e1989f5e93a806b484a143f83761c7a1f4c50,neural,paired-cg-v1,301,56133429d0aa1300c6fdb35f94c9057a4151766730cf3745d9a37f011e411b15,1,100.0,0.0,6,28,1745.0,uniform_integer_v1,uniform_integer_v1,optimal_lp_restricted_ip,optimal,optimal,optimal,no_improving_column,benchmark-run-v1,LARGE,23.0,23,23.0,0.0,555.0,555.0,0.0,0.0,True,1,1,0,6,6,1,0.0,0.06998475000727922,0.008561666996683925,0.03755637499853037,0.006021083012456074,0.0161151259962935,0.0016457920137327164,8.470698958262801e-05,17929,1,,linear-scorer-v1-zero-weight,0.0005962919967714697,0.015314667019993067,1,1,1,,,497b873e0359785f925ac26baa074f60f19ed266,3.11.15,"numpy==2.4.6,scipy==1.17.1","platform=macOS-26.4.1-arm64-arm-64bit;machine=arm64;processor=arm;cpu_count=10;threads=OMP_NUM_THREADS=unset,OPENBLAS_NUM_THREADS=unset,MKL_NUM_THREADS=unset"
655ce41305c16307620d1c3da64464cefd830eb827ff7041a4b890ae59db09bb,d98437a9e4d1ee8f330f95435351e503b39e6dc899a005394a24ce46ef0bfc7d,neural,paired-cg-v1,202,56133429d0aa1300c6fdb35f94c9057a4151766730cf3745d9a37f011e411b15,2,100.0,0.0,4,19,1033.0,uniform_integer_v1,uniform_integer_v1,optimal_lp_restricted_ip,optimal,optimal,optimal,no_improving_column,benchmark-run-v1,LARGE,13.0,13,13.0,0.0,267.0,267.0,0.0,0.0,True,3,3,2,4,6,1,0.0,0.10708308301400393,0.023584790993481874,0.03902770800050348,0.03524379199370742,0.007620500022312626,0.0014889579906594008,0.00011733401333913207,18421,1,,linear-scorer-v1-zero-weight,0.00152749998960644,0.005467375012813136,3,3,1,,,497b873e0359785f925ac26baa074f60f19ed266,3.11.15,"numpy==2.4.6,scipy==1.17.1","platform=macOS-26.4.1-arm64-arm-64bit;machine=arm64;processor=arm;cpu_count=10;threads=OMP_NUM_THREADS=unset,OPENBLAS_NUM_THREADS=unset,MKL_NUM_THREADS=unset"
66e54408aaf7ea26a7f32a498c2efaa5a8b7d51b8e2c2f07b33b1cec974f5328,d98437a9e4d1ee8f330f95435351e503b39e6dc899a005394a24ce46ef0bfc7d,neural,paired-cg-v1,202,56133429d0aa1300c6fdb35f94c9057a4151766730cf3745d9a37f011e411b15,0,100.0,0.0,4,19,1033.0,uniform_integer_v1,uniform_integer_v1,optimal_lp_restricted_ip,optimal,optimal,optimal,no_improving_column,benchmark-run-v1,LARGE,13.0,13,13.0,0.0,267.0,267.0,0.0,0.0,True,3,3,2,4,6,1,0.0,0.10065637499792501,0.02195541700348258,0.03917645799810998,0.030845874978695065,0.007162665948271751,0.001425374997779727,9.058407158590853e-05,18083,1,,linear-scorer-v1-zero-weight,0.0012862079893238842,0.005278999975416809,3,3,1,,,497b873e0359785f925ac26baa074f60f19ed266,3.11.15,"numpy==2.4.6,scipy==1.17.1","platform=macOS-26.4.1-arm64-arm-64bit;machine=arm64;processor=arm;cpu_count=10;threads=OMP_NUM_THREADS=unset,OPENBLAS_NUM_THREADS=unset,MKL_NUM_THREADS=unset"
6b24e28d488afe56b506055820957abb32619279742e1103844de825d94d2d42,2e8d6ecbaa342a376ff4bf4c2261c4dc9641091f94c4aebbb8364b9e2584f6af,neural,paired-cg-v1,103,56133429d0aa1300c6fdb35f94c9057a4151766730cf3745d9a37f011e411b15,0,100.0,0.0,2,12,506.0,uniform_integer_v1,uniform_integer_v1,optimal_lp_restricted_ip,optimal,optimal,optimal,no_improving_column,benchmark-run-v1,MEDIUM,7.0,7,7.0,0.0,194.0,194.0,0.0,0.0,True,1,1,0,2,2,1,0.0,0.01890958400326781,0.00697791698621586,0.006271833000937477,0.00402304099407047,0.0010667909809853882,0.0005184999899938703,5.150205106474459e-05,16067,1,,linear-scorer-v1-zero-weight,0.000489416008349508,0.00045529098133556545,1,1,1,,,497b873e0359785f925ac26baa074f60f19ed266,3.11.15,"numpy==2.4.6,scipy==1.17.1","platform=macOS-26.4.1-arm64-arm-64bit;machine=arm64;processor=arm;cpu_count=10;threads=OMP_NUM_THREADS=unset,OPENBLAS_NUM_THREADS=unset,MKL_NUM_THREADS=unset"
7dd24200d0bf1851b8a1735ba3f43d042642e844874bace686070fa9d3f1b214,5d7cde942f6f9a9811561fb1c16bb97f0f197f7fd567dcb7f41c33103c0406a0,neural,paired-cg-v1,401,56133429d0aa1300c6fdb35f94c9057a4151766730cf3745d9a37f011e411b15,0,100.0,0.0,8,30,1717.0,uniform_integer_v1,uniform_integer_v1,optimal_lp_restricted_ip,optimal,optimal,optimal,no_improving_column,benchmark-run-v1,XL,23.0,23,22.5,0.5,583.0,472.0,0.0,111.0,True,3,3,2,8,10,1,0.0,0.6547407500038389,0.02615770901320502,0.03524845800711773,0.007479291001800448,0.582698874961352,0.002934332995209843,0.00022208402515389025,22875,1,,linear-scorer-v1-zero-weight,0.002324416971532628,0.5795234160032123,3,3,1,,,497b873e0359785f925ac26baa074f60f19ed266,3.11.15,"numpy==2.4.6,scipy==1.17.1","platform=macOS-26.4.1-arm64-arm-64bit;machine=arm64;processor=arm;cpu_count=10;threads=OMP_NUM_THREADS=unset,OPENBLAS_NUM_THREADS=unset,MKL_NUM_THREADS=unset"
8140b1509eae0f7c44ac4fdbfd6619ede5cdc3a4c829dec970b4ff75ee072627,d71a500910a2039d84f38704af75d2036160060c50841a11b3d98be280d6f7fd,neural,paired-cg-v1,303,56133429d0aa1300c6fdb35f94c9057a4151766730cf3745d9a37f011e411b15,0,100.0,0.0,6,44,1719.0,uniform_integer_v1,uniform_integer_v1,optimal_lp_restricted_ip,optimal,optimal,optimal,no_improving_column,benchmark-run-v1,XL,20.0,20,19.0,1.0,281.0,184.0,0.0,97.0,True,5,5,4,6,10,1,0.0,1.0645247909997124,0.046282874973258004,0.033978625026065856,0.03197141599957831,0.9496501670219004,0.002423541998723522,0.0002181659801863134,22797,1,,linear-scorer-v1-zero-weight,0.0034333320218138397,0.9447996239759959,5,5,1,,,497b873e0359785f925ac26baa074f60f19ed266,3.11.15,"numpy==2.4.6,scipy==1.17.1","platform=macOS-26.4.1-arm64-arm-64bit;machine=arm64;processor=arm;cpu_count=10;threads=OMP_NUM_THREADS=unset,OPENBLAS_NUM_THREADS=unset,MKL_NUM_THREADS=unset"
8268daad10062ed0870bec6fb95a09b6bcdae15725147439cd70d75029ff7b44,b7dc915107b5020410fb5597772f3b4a18c1dc4ded8e114a35d3dc5e895e96cc,neural,paired-cg-v1,403,56133429d0aa1300c6fdb35f94c9057a4151766730cf3745d9a37f011e411b15,1,100.0,0.0,8,48,2254.0,uniform_integer_v1,uniform_integer_v1,optimal_lp_restricted_ip,optimal,optimal,optimal,no_improving_column,benchmark-run-v1,XL,24.0,24,23.88888888888889,0.11111111111111072,146.0,132.0,0.0,14.0,True,10,10,9,8,17,1,0.0,11.305747917009285,0.10123512399150059,0.023985125008039176,0.025958749989513308,11.14913908400922,0.004952542018145323,0.00047729199286550283,35023,1,,linear-scorer-v1-zero-weight,0.007285498955752701,11.138565540983109,10,10,1,,,497b873e0359785f925ac26baa074f60f19ed266,3.11.15,"numpy==2.4.6,scipy==1.17.1","platform=macOS-26.4.1-arm64-arm-64bit;machine=arm64;processor=arm;cpu_count=10;threads=OMP_NUM_THREADS=unset,OPENBLAS_NUM_THREADS=unset,MKL_NUM_THREADS=unset"
90c0894ed0d8e24bb296f8d56eeebe17f200a8b6d2b89ec5ba1c7b73669d0cd1,a0828ac52b3d58f01bfdadbd2eee43a27a4dc2fb83b298eb885be71d25ab31a2,neural,paired-cg-v1,203,56133429d0aa1300c6fdb35f94c9057a4151766730cf3745d9a37f011e411b15,0,100.0,0.0,4,20,1249.0,uniform_integer_v1,uniform_integer_v1,optimal_lp_restricted_ip,optimal,optimal,optimal,no_improving_column,benchmark-run-v1,LARGE,15.0,15,15.0,0.0,251.0,146.0,0.0,105.0,True,3,3,2,4,6,1,0.0,0.07694987501599826,0.023736125003779307,0.006847124983323738,0.032822208013385534,0.012015999993309379,0.0014212079986464232,0.00010720902355387807,18668,1,,linear-scorer-v1-zero-weight,0.0015041260048747063,0.009884750994388014,3,3,1,,,497b873e0359785f925ac26baa074f60f19ed266,3.11.15,"numpy==2.4.6,scipy==1.17.1","platform=macOS-26.4.1-arm64-arm-64bit;machine=arm64;processor=arm;cpu_count=10;threads=OMP_NUM_THREADS=unset,OPENBLAS_NUM_THREADS=unset,MKL_NUM_THREADS=unset"
9f18d51db42ce5bd83bdb94ec02e711719dcfa411f9df7d39cf1eb3250854f5a,d71a500910a2039d84f38704af75d2036160060c50841a11b3d98be280d6f7fd,neural,paired-cg-v1,303,56133429d0aa1300c6fdb35f94c9057a4151766730cf3745d9a37f011e411b15,1,100.0,0.0,6,44,1719.0,uniform_integer_v1,uniform_integer_v1,optimal_lp_restricted_ip,optimal,optimal,optimal,no_improving_column,benchmark-run-v1,XL,20.0,20,19.0,1.0,281.0,184.0,0.0,97.0,True,5,5,4,6,10,1,0.0,1.069171292008832,0.04694754199590534,0.030717834015376866,0.03255637499387376,0.9562999989429954,0.002431500004604459,0.00021804205607622862,22646,1,,linear-scorer-v1-zero-weight,0.003347249992657453,0.9515185420168564,5,5,1,,,497b873e0359785f925ac26baa074f60f19ed266,3.11.15,"numpy==2.4.6,scipy==1.17.1","platform=macOS-26.4.1-arm64-arm-64bit;machine=arm64;processor=arm;cpu_count=10;threads=OMP_NUM_THREADS=unset,OPENBLAS_NUM_THREADS=unset,MKL_NUM_THREADS=unset"
b44b75a26d7981cc4447a4bd185d5d3d7107c8700d0da6181c32329887d2a982,3eb804881591494848f167ba7b26a2b9267a3ba54e1727e6932ff3b14cd58e50,neural,paired-cg-v1,101,56133429d0aa1300c6fdb35f94c9057a4151766730cf3745d9a37f011e411b15,0,100.0,0.0,2,15,960.0,uniform_integer_v1,uniform_integer_v1,optimal_lp_restricted_ip,optimal,optimal,optimal,no_improving_column,benchmark-run-v1,MEDIUM,12.0,12,12.0,0.0,240.0,240.0,0.0,0.0,True,1,1,0,2,2,1,0.0,0.019755874993279576,0.007483915978809819,0.006511040992336348,0.004095917014637962,0.0011016680218745023,0.000511125021148473,5.220796447247267e-05,15731,1,,linear-scorer-v1-zero-weight,0.00048683397471904755,0.0004810419923160225,1,1,1,,,497b873e0359785f925ac26baa074f60f19ed266,3.11.15,"numpy==2.4.6,scipy==1.17.1","platform=macOS-26.4.1-arm64-arm-64bit;machine=arm64;processor=arm;cpu_count=10;threads=OMP_NUM_THREADS=unset,OPENBLAS_NUM_THREADS=unset,MKL_NUM_THREADS=unset"
b706014444e372364455873b62197230bea7d7b4ea42611630957994ed56d483,a0828ac52b3d58f01bfdadbd2eee43a27a4dc2fb83b298eb885be71d25ab31a2,neural,paired-cg-v1,203,56133429d0aa1300c6fdb35f94c9057a4151766730cf3745d9a37f011e411b15,2,100.0,0.0,4,20,1249.0,uniform_integer_v1,uniform_integer_v1,optimal_lp_restricted_ip,optimal,optimal,optimal,no_improving_column,benchmark-run-v1,LARGE,15.0,15,15.0,0.0,251.0,146.0,0.0,105.0,True,3,3,2,4,6,1,0.0,0.08141254101064987,0.02254854197963141,0.0075938339869026095,0.038169332983670756,0.011516625003423542,0.001465957990149036,0.00011824906687252223,18740,1,,linear-scorer-v1-zero-weight,0.0015636259922757745,0.009394583001267165,3,3,1,,,497b873e0359785f925ac26baa074f60f19ed266,3.11.15,"numpy==2.4.6,scipy==1.17.1","platform=macOS-26.4.1-arm64-arm-64bit;machine=arm64;processor=arm;cpu_count=10;threads=OMP_NUM_THREADS=unset,OPENBLAS_NUM_THREADS=unset,MKL_NUM_THREADS=unset"
bf4ad6037d1631957f662ebff500af8174a689490829e288552ae6cc7e055bf6,b7dc915107b5020410fb5597772f3b4a18c1dc4ded8e114a35d3dc5e895e96cc,neural,paired-cg-v1,403,56133429d0aa1300c6fdb35f94c9057a4151766730cf3745d9a37f011e411b15,2,100.0,0.0,8,48,2254.0,uniform_integer_v1,uniform_integer_v1,optimal_lp_restricted_ip,optimal,optimal,optimal,no_improving_column,benchmark-run-v1,XL,24.0,24,23.88888888888889,0.11111111111111072,146.0,132.0,0.0,14.0,True,10,10,9,8,17,1,0.0,11.315338542015525,0.10930245893541723,0.02423212499707006,0.026870959001826122,11.149573374015745,0.0048690420226193964,0.0004905830428469926,35339,1,,linear-scorer-v1-zero-weight,0.0076419159304350615,11.138616249954794,10,10,1,,,497b873e0359785f925ac26baa074f60f19ed266,3.11.15,"numpy==2.4.6,scipy==1.17.1","platform=macOS-26.4.1-arm64-arm-64bit;machine=arm64;processor=arm;cpu_count=10;threads=OMP_NUM_THREADS=unset,OPENBLAS_NUM_THREADS=unset,MKL_NUM_THREADS=unset"
c6aa79d81b12981eeeaef41fdfb53e9b9e97cf0616986c4f6e2b358c7c47e83a,6a97075552eaa33fc90b205108ea38eed24df5e00e18099237a5924d12beab13,neural,paired-cg-v1,402,56133429d0aa1300c6fdb35f94c9057a4151766730cf3745d9a37f011e411b15,1,100.0,0.0,8,50,3038.0,uniform_integer_v1,uniform_integer_v1,optimal_lp_restricted_ip,optimal,optimal,optimal,no_improving_column,benchmark-run-v1,XL,39.0,39,39.0,0.0,862.0,796.0,0.0,66.0,True,2,2,1,8,9,1,0.0,0.31466183401062153,0.017417791998013854,0.034696374990744516,0.006947499990928918,0.25316991598811,0.0023529999889433384,7.725105388090014e-05,18712,1,,linear-scorer-v1-zero-weight,0.001336042012553662,0.25127112498739734,2,2,1,,,497b873e0359785f925ac26baa074f60f19ed266,3.11.15,"numpy==2.4.6,scipy==1.17.1","platform=macOS-26.4.1-arm64-arm-64bit;machine=arm64;processor=arm;cpu_count=10;threads=OMP_NUM_THREADS=unset,OPENBLAS_NUM_THREADS=unset,MKL_NUM_THREADS=unset"
c8167ba248aead34cd1aca35b055d005f7ce32b62c28441aa80ddca211c30673,5d7cde942f6f9a9811561fb1c16bb97f0f197f7fd567dcb7f41c33103c0406a0,neural,paired-cg-v1,401,56133429d0aa1300c6fdb35f94c9057a4151766730cf3745d9a37f011e411b15,2,100.0,0.0,8,30,1717.0,uniform_integer_v1,uniform_integer_v1,optimal_lp_restricted_ip,optimal,optimal,optimal,no_improving_column,benchmark-run-v1,XL,23.0,23,22.5,0.5,583.0,472.0,0.0,111.0,True,3,3,2,8,10,1,0.0,0.6654481670120731,0.027467667998280376,0.03558699999121018,0.0074939590122085065,0.5925074569822755,0.002261124987853691,0.00013095804024487734,20737,1,,linear-scorer-v1-zero-weight,0.002024084998993203,0.5895726660091896,3,3,1,,,497b873e0359785f925ac26baa074f60f19ed266,3.11.15,"numpy==2.4.6,scipy==1.17.1","platform=macOS-26.4.1-arm64-arm-64bit;machine=arm64;processor=arm;cpu_count=10;threads=OMP_NUM_THREADS=unset,OPENBLAS_NUM_THREADS=unset,MKL_NUM_THREADS=unset"
d035ba9097f43dc507500e288965de6a192ede95e1ea785605afcc1dad15db0f,3eb804881591494848f167ba7b26a2b9267a3ba54e1727e6932ff3b14cd58e50,neural,paired-cg-v1,101,56133429d0aa1300c6fdb35f94c9057a4151766730cf3745d9a37f011e411b15,2,100.0,0.0,2,15,960.0,uniform_integer_v1,uniform_integer_v1,optimal_lp_restricted_ip,optimal,optimal,optimal,no_improving_column,benchmark-run-v1,MEDIUM,12.0,12,12.0,0.0,240.0,240.0,0.0,0.0,True,1,1,0,2,2,1,0.0,0.016596000001300126,0.006272458005696535,0.006256166991079226,0.002623165986733511,0.001003292010864243,0.0003972919948864728,4.3625012040138245e-05,15500,1,,linear-scorer-v1-zero-weight,0.0004810419923160225,0.00040833299863152206,1,1,1,,,497b873e0359785f925ac26baa074f60f19ed266,3.11.15,"numpy==2.4.6,scipy==1.17.1","platform=macOS-26.4.1-arm64-arm-64bit;machine=arm64;processor=arm;cpu_count=10;threads=OMP_NUM_THREADS=unset,OPENBLAS_NUM_THREADS=unset,MKL_NUM_THREADS=unset"
d655cd751f8ac03940661908ad24315861e3b2fb4e660d029bbf6486b6ad1539,e89f36850422c2316a18c0e5c220f81c1d6ab1fbeb7c500622d6d755ac5409b2,neural,paired-cg-v1,102,56133429d0aa1300c6fdb35f94c9057a4151766730cf3745d9a37f011e411b15,2,100.0,0.0,2,9,432.0,uniform_integer_v1,uniform_integer_v1,optimal_lp_restricted_ip,optimal,optimal,optimal,no_improving_column,benchmark-run-v1,MEDIUM,5.0,5,5.0,0.0,68.0,68.0,0.0,0.0,True,1,1,0,2,2,1,0.0,0.01909316601813771,0.0068222080008126795,0.006371125025907531,0.004009167023468763,0.0012764160346705467,0.0005485000147018582,6.574991857632995e-05,15247,1,,linear-scorer-v1-zero-weight,0.0005314580048434436,0.0006289999873843044,1,1,1,,,497b873e0359785f925ac26baa074f60f19ed266,3.11.15,"numpy==2.4.6,scipy==1.17.1","platform=macOS-26.4.1-arm64-arm-64bit;machine=arm64;processor=arm;cpu_count=10;threads=OMP_NUM_THREADS=unset,OPENBLAS_NUM_THREADS=unset,MKL_NUM_THREADS=unset"
e9954802a9d6aa6677f6715eaa121b661ac99ac828a47afb224783bb36dc0dcd,2db8f04b0672b4e39578ab96c31e1989f5e93a806b484a143f83761c7a1f4c50,neural,paired-cg-v1,301,56133429d0aa1300c6fdb35f94c9057a4151766730cf3745d9a37f011e411b15,0,100.0,0.0,6,28,1745.0,uniform_integer_v1,uniform_integer_v1,optimal_lp_restricted_ip,optimal,optimal,optimal,no_improving_column,benchmark-run-v1,LARGE,23.0,23,23.0,0.0,555.0,555.0,0.0,0.0,True,1,1,0,6,6,1,0.0,0.07213058299385011,0.012393457989674062,0.039723124995362014,0.00624945800518617,0.0118168750195764,0.0017567500181030482,0.00019091696594841778,76756,1,,linear-scorer-v1-zero-weight,0.00043020801967941225,0.011079957999754697,1,1,1,,,497b873e0359785f925ac26baa074f60f19ed266,3.11.15,"numpy==2.4.6,scipy==1.17.1","platform=macOS-26.4.1-arm64-arm-64bit;machine=arm64;processor=arm;cpu_count=10;threads=OMP_NUM_THREADS=unset,OPENBLAS_NUM_THREADS=unset,MKL_NUM_THREADS=unset"
f265300958f065c31a7d93dff91e0977d3f1f526896d6cbb41ac4836f3edd063,b7dc915107b5020410fb5597772f3b4a18c1dc4ded8e114a35d3dc5e895e96cc,neural,paired-cg-v1,403,56133429d0aa1300c6fdb35f94c9057a4151766730cf3745d9a37f011e411b15,0,100.0,0.0,8,48,2254.0,uniform_integer_v1,uniform_integer_v1,optimal_lp_restricted_ip,optimal,optimal,optimal,no_improving_column,benchmark-run-v1,XL,24.0,24,23.88888888888889,0.11111111111111072,146.0,132.0,0.0,14.0,True,10,10,9,8,17,1,0.0,11.432634750002762,0.10491058195475489,0.026214333018288016,0.026150249992497265,11.269909166963771,0.004939040984027088,0.0005113770894240588,36954,1,,linear-scorer-v1-zero-weight,0.007530542032327503,11.259186540992232,10,10,1,,,497b873e0359785f925ac26baa074f60f19ed266,3.11.15,"numpy==2.4.6,scipy==1.17.1","platform=macOS-26.4.1-arm64-arm-64bit;machine=arm64;processor=arm;cpu_count=10;threads=OMP_NUM_THREADS=unset,OPENBLAS_NUM_THREADS=unset,MKL_NUM_THREADS=unset"
f4116385b5ac6be46716c146371975d27d56e0fa6dba447eab48e46bb6e44e80,d98437a9e4d1ee8f330f95435351e503b39e6dc899a005394a24ce46ef0bfc7d,neural,paired-cg-v1,202,56133429d0aa1300c6fdb35f94c9057a4151766730cf3745d9a37f011e411b15,1,100.0,0.0,4,19,1033.0,uniform_integer_v1,uniform_integer_v1,optimal_lp_restricted_ip,optimal,optimal,optimal,no_improving_column,benchmark-run-v1,LARGE,13.0,13,13.0,0.0,267.0,267.0,0.0,0.0,True,3,3,2,4,6,1,0.0,0.1092169999901671,0.023130666988436133,0.039410792000126094,0.037480250000953674,0.007711207988904789,0.0013885830121580511,9.549999958835542e-05,17974,1,,linear-scorer-v1-zero-weight,0.001482251042034477,0.005563750019064173,3,3,1,,,497b873e0359785f925ac26baa074f60f19ed266,3.11.15,"numpy==2.4.6,scipy==1.17.1","platform=macOS-26.4.1-arm64-arm-64bit;machine=arm64;processor=arm;cpu_count=10;threads=OMP_NUM_THREADS=unset,OPENBLAS_NUM_THREADS=unset,MKL_NUM_THREADS=unset"
